{
    "Offenbarung4,11":"https://raw.githubusercontent.com/awesomebible/verse/73636ef8254f94bd632eee22509686744e574dee/img/1.jpg",
    "Psalm119,11":"https://raw.githubusercontent.com/awesomebible/verse/73636ef8254f94bd632eee22509686744e574dee/img/2.jpg",
    "Römer15,13":"https://raw.githubusercontent.com/awesomebible/verse/73636ef8254f94bd632eee22509686744e574dee/img/3.jpg",
    "Sprüche22,6":"https://raw.githubusercontent.com/awesomebible/verse/73636ef8254f94bd632eee22509686744e574dee/img/4.jpg",
    "Jakobus1,13":"https://raw.githubusercontent.com/awesomebible/verse/73636ef8254f94bd632eee22509686744e574dee/img/5.jpg",
    "Lukas6,28":"https://raw.githubusercontent.com/awesomebible/verse/73636ef8254f94bd632eee22509686744e574dee/img/6.jpg",
    "1.Petrus3,13":"https://raw.githubusercontent.com/awesomebible/verse/73636ef8254f94bd632eee22509686744e574dee/img/7.jpg",
    "1.Mose1,31":"https://raw.githubusercontent.com/awesomebible/verse/73636ef8254f94bd632eee22509686744e574dee/img/8.jpg",
    "Psalm103,10":"https://raw.githubusercontent.com/awesomebible/verse/73636ef8254f94bd632eee22509686744e574dee/img/9.jpg",
    "Sacharja1,17":"https://raw.githubusercontent.com/awesomebible/verse/73636ef8254f94bd632eee22509686744e574dee/img/10.jpg",
    "Jesaja53,5":"https://raw.githubusercontent.com/awesomebible/verse/73636ef8254f94bd632eee22509686744e574dee/img/11.jpg",
    "Psalm73,25":"https://raw.githubusercontent.com/awesomebible/verse/73636ef8254f94bd632eee22509686744e574dee/img/12.jpg",
    "1.Korinther1,28":"https://raw.githubusercontent.com/awesomebible/verse/73636ef8254f94bd632eee22509686744e574dee/img/13.jpg",
    "Psalm126,23":"https://raw.githubusercontent.com/awesomebible/verse/73636ef8254f94bd632eee22509686744e574dee/img/14.jpg",
    "Sacharja8,23":"https://raw.githubusercontent.com/awesomebible/verse/73636ef8254f94bd632eee22509686744e574dee/img/15.jpg",
    "Psalm100,5":"https://raw.githubusercontent.com/awesomebible/verse/73636ef8254f94bd632eee22509686744e574dee/img/16.jpg",
    "Psalm62,9":"https://raw.githubusercontent.com/awesomebible/verse/73636ef8254f94bd632eee22509686744e574dee/img/17.jpg",
    "Psalm23,5":"https://raw.githubusercontent.com/awesomebible/verse/73636ef8254f94bd632eee22509686744e574dee/img/18.jpg",
    "Galater5,25":"https://raw.githubusercontent.com/awesomebible/verse/73636ef8254f94bd632eee22509686744e574dee/img/19.jpg",
    "Galater5,25_1":"https://raw.githubusercontent.com/awesomebible/verse/73636ef8254f94bd632eee22509686744e574dee/img/40.jpg",
    "Psalm23,1":"https://raw.githubusercontent.com/awesomebible/verse/73636ef8254f94bd632eee22509686744e574dee/img/21.jpg",
    "Johannes7,37":"https://raw.githubusercontent.com/awesomebible/verse/73636ef8254f94bd632eee22509686744e574dee/img/22.jpg",
    "4.Mose6,25":"https://raw.githubusercontent.com/awesomebible/verse/73636ef8254f94bd632eee22509686744e574dee/img/24.jpg",
    "4.Mose6,26":"https://raw.githubusercontent.com/awesomebible/verse/73636ef8254f94bd632eee22509686744e574dee/img/25.jpg",
    "Lukas1,37":"https://raw.githubusercontent.com/awesomebible/verse/73636ef8254f94bd632eee22509686744e574dee/img/26.jpg",
    "Jakobus1,14":"https://raw.githubusercontent.com/awesomebible/verse/73636ef8254f94bd632eee22509686744e574dee/img/27.jpg",
    "2.Thessalonicher5,17":"https://raw.githubusercontent.com/awesomebible/verse/73636ef8254f94bd632eee22509686744e574dee/img/28.jpg",
    "Jesaja55,8":"https://raw.githubusercontent.com/awesomebible/verse/73636ef8254f94bd632eee22509686744e574dee/img/29.jpg",
    "Johannes8,12":"https://raw.githubusercontent.com/awesomebible/verse/73636ef8254f94bd632eee22509686744e574dee/img/30.jpg",
    "2.Mose20,12":"https://raw.githubusercontent.com/awesomebible/verse/73636ef8254f94bd632eee22509686744e574dee/img/31.jpg",
    "Römer15,7":"https://raw.githubusercontent.com/awesomebible/verse/73636ef8254f94bd632eee22509686744e574dee/img/32.jpg",
    "Josua24,15":"https://raw.githubusercontent.com/awesomebible/verse/73636ef8254f94bd632eee22509686744e574dee/img/33.jpg",
    "Kolosser3,15":"https://raw.githubusercontent.com/awesomebible/verse/73636ef8254f94bd632eee22509686744e574dee/img/35.jpg",
    "Kolosser3,15_1":"https://raw.githubusercontent.com/awesomebible/verse/73636ef8254f94bd632eee22509686744e574dee/img/34.jpg",
    "Jesaja41,10":"https://raw.githubusercontent.com/awesomebible/verse/73636ef8254f94bd632eee22509686744e574dee/img/36.jpg",
    "1.Petrus3,12":"https://raw.githubusercontent.com/awesomebible/verse/73636ef8254f94bd632eee22509686744e574dee/img/37.jpg",
    "Matthäus6,34":"https://raw.githubusercontent.com/awesomebible/verse/73636ef8254f94bd632eee22509686744e574dee/img/38.jpg",
    "Jesaja54,10":"https://raw.githubusercontent.com/awesomebible/verse/73636ef8254f94bd632eee22509686744e574dee/img/39.jpg",
    "Philliper4,9":"https://raw.githubusercontent.com/awesomebible/verse/73636ef8254f94bd632eee22509686744e574dee/img/41.jpg",
    "Zefanja3,17":"https://raw.githubusercontent.com/awesomebible/verse/73636ef8254f94bd632eee22509686744e574dee/img/42.jpg",
    "1.Johannes1,7":"https://raw.githubusercontent.com/awesomebible/verse/73636ef8254f94bd632eee22509686744e574dee/img/43.jpg",
    "1.Johannes2,6":"https://raw.githubusercontent.com/awesomebible/verse/73636ef8254f94bd632eee22509686744e574dee/img/44.jpg",
    "1.Timotheus2,5":"https://raw.githubusercontent.com/awesomebible/verse/73636ef8254f94bd632eee22509686744e574dee/img/45.jpg",
    "Matthäus23,11":"https://raw.githubusercontent.com/awesomebible/verse/73636ef8254f94bd632eee22509686744e574dee/img/46.jpg",
    "Sprüche15,1":"https://raw.githubusercontent.com/awesomebible/verse/73636ef8254f94bd632eee22509686744e574dee/img/47.jpg",
    "Kolosser3,12":"https://raw.githubusercontent.com/awesomebible/verse/73636ef8254f94bd632eee22509686744e574dee/img/75.jpg",
    "1.Korinther16,14":"https://raw.githubusercontent.com/awesomebible/verse/73636ef8254f94bd632eee22509686744e574dee/img/80.jpg",
    "4.Mose6,24":"https://raw.githubusercontent.com/awesomebible/verse/73636ef8254f94bd632eee22509686744e574dee/img/79.jpg",
    "Klagelieder3,22":"https://raw.githubusercontent.com/awesomebible/verse/73636ef8254f94bd632eee22509686744e574dee/img/81.jpg",
    "Matthäus6,3":"https://raw.githubusercontent.com/awesomebible/verse/73636ef8254f94bd632eee22509686744e574dee/img/82.jpg",
    "Sprüche3,7":"https://raw.githubusercontent.com/awesomebible/verse/73636ef8254f94bd632eee22509686744e574dee/img/83.jpg",
    "Jeremia31,25":"https://raw.githubusercontent.com/awesomebible/verse/73636ef8254f94bd632eee22509686744e574dee/img/239.jpg",
    "Klagelieder3,22-23":"https://raw.githubusercontent.com/awesomebible/verse/73636ef8254f94bd632eee22509686744e574dee/img/240.jpg",
    "Römer8,28":"https://raw.githubusercontent.com/awesomebible/verse/73636ef8254f94bd632eee22509686744e574dee/img/241.jpg",
    "1.Korinther12,25-27":"https://raw.githubusercontent.com/awesomebible/verse/73636ef8254f94bd632eee22509686744e574dee/img/243.jpg",
    "Jakobus3,13":"https://raw.githubusercontent.com/awesomebible/verse/73636ef8254f94bd632eee22509686744e574dee/img/245.jpg",
    "Epheser6,10":"https://raw.githubusercontent.com/awesomebible/verse/bf16214cd09dbb292164417d2b6c7a3e26906f25/img/246.jpg",
    "Römer13,10":"https://raw.githubusercontent.com/awesomebible/verse/c1ca96e87b10c3925037c30ed408cfd5f44dfa49/img/247.jpg",
    "Philliper4,7":"https://raw.githubusercontent.com/awesomebible/verse/eb31d72fea0b74fcacf0af0304b5667af1dac729/img/249.jpg",
    "Römer8,26":"https://raw.githubusercontent.com/awesomebible/verse/944d8f92be9932393af8ef0ee4bb830ee80675b9/img/250.jpg",
    "Matthäus11,28":"https://raw.githubusercontent.com/awesomebible/verse/3079322922bf0085e9ece7e76ad8f6a0042e7848/img/251.jpg",
    "Matthäus11,28b":"https://raw.githubusercontent.com/awesomebible/verse/3079322922bf0085e9ece7e76ad8f6a0042e7848/img/88.jpg",
    "2.Mose14,14a":"https://raw.githubusercontent.com/awesomebible/verse/6984612130dd4fe3f43555242e029cd000244945/img/252.jpg",
    "2.Mose14,14":"https://raw.githubusercontent.com/awesomebible/verse/6984612130dd4fe3f43555242e029cd000244945/img/89.jpg",
    "Psalm129,23":"https://raw.githubusercontent.com/awesomebible/verse/56d4407c5512741773950b8b7f982705308e5689/img/253.jpg",
    "Sprüche9,10":"https://raw.githubusercontent.com/awesomebible/verse/c1da184d09f0de86e592fe0ee89cc4064959b70f/img/254.jpg",
    "Psalm147,3":"https://raw.githubusercontent.com/awesomebible/verse/d64f9830976d963272a7e6b60cc4342e3baab556/img/255.jpg",
    "1.Korinther10,31":"https://raw.githubusercontent.com/awesomebible/verse/c384960753ca042650e1925a1a621d1f4084aac8/img/256.jpg",
    "Psalm23,6":"https://raw.githubusercontent.com/awesomebible/verse/90c1e42199e968e01532dd86f25effdb37800c11/img/257.jpg",
    "Sprüche3,5":"https://raw.githubusercontent.com/awesomebible/verse/d963cc2209ecf6df72d42a07c56eb612c0870034/img/258.jpg",
    "Philliper2,13":"https://raw.githubusercontent.com/awesomebible/verse/a81446854c33328ce4b5afcfbe8c43156446af3c/img/259.jpg",
    "1.Johannes4,8":"https://raw.githubusercontent.com/awesomebible/verse/a81446854c33328ce4b5afcfbe8c43156446af3c/img/260.jpg",
    "Psalm51,3":"https://raw.githubusercontent.com/awesomebible/verse/be5f3b7560f24c36f4e08a30caedd1768eed47a6/img/261.jpg",
    "Micha7,18":"https://raw.githubusercontent.com/awesomebible/verse/a81446854c33328ce4b5afcfbe8c43156446af3c/img/262.jpg",
    "Römer8,39":"https://raw.githubusercontent.com/awesomebible/verse/a81446854c33328ce4b5afcfbe8c43156446af3c/img/263.jpg",
    "Römer12,21":"https://raw.githubusercontent.com/awesomebible/verse/a81446854c33328ce4b5afcfbe8c43156446af3c/img/264.jpg"
}